{
	"Schedule" : [
	{	"Weekday": "Monday",
		"Work": "7:30am-4pm",
		"Lunch": "1pm - 2pm",
		"Class": "7pm-9:40pm",
		"Homework:": "12am-2am"
 		},
 	{ 	"Weekday": "Tuesday",
 		"Work": "7:30am-4pm",
 		"Lunch": "None",
		"Class": "3:50pm-9:40pm",
		"Homework:": "12am-2am"
 		},
 	{	"Weekday": "Wednesday",
 		"Work": "7:30am-7:30pm",
 		"Lunch": "1pm - 2pm",
		"Class": "None",
		"Homework:": "7pm-11pm"
 		},
 	{	"Weekday": "Thursday",
 		"Work": "7:30am-11:50pm",
 		"Lunch": "None",
		"Class": "12:10pm - 6:30pm",
		"Homework:": "7pm-11pm"
		}
	{	"Weekday": "Friday",
 		"Work": "7:30am-7:45pm",
 		"Lunch": "1pm - 2pm",
		"Class": "None",
		"Homework:": "9pm-11pm"
 		}
 	{	"Weekday": "Saturday",
 		"Work": "8:30am-6:45pm",
 		"Lunch": "None",
		"Class": "None",
		"Homework:": "5pm-11pm"
 		}
 	{	"Weekday": "Sunday",
 		"Work": "10am-4pm",
 		"Lunch": "None",
		"Class": "None",
		"Homework:": "7am-12pm, 3pm-12am"
 		}
 	]	
}

